feature,APJ1 (P53940),YDJ1 (P25491)
length_aa,528,409
J_domain,aa 4-73 (HPD at 34),aa 4-72 (HPD at 34)
CR-type_zinc_finger,aa 193-274,aa 130-213
CxxCxGxG_repeats,"4 (at 206,220,246,262)","3-4 (at 143,159,185)"
cysteine_count,18,11
disordered_C-term,aa 485-528,aa 382-409
J-protein_class,type I (J + Zn finger + C-terminal SBD),type I (J + Zn finger + C-terminal SBD)
J-domain_pct_identity_vs_APJ1,-,48.1% (NW global)
full-length_pct_identity_vs_APJ1,-,34.2% (NW global)
note,paralogous type-I J-protein; diverged (34% full-length) so YDJ1 refolding phenotypes should not auto-transfer,most abundant yeast type-I J-protein; canonical refolding co-chaperone
