uniprot_accession	panther_family_sf
A0A140FWK2	PTHR11647:SF1
A0A140FWL1	PTHR43743:SF1
A0A140FWM3	PTHR47870:SF4
A0A140FWM4	PTHR47870:SF1
A0A140FWM5	PTHR23132:SF23
A0A140FWQ9	PTHR34182:SF1
A0A140FWS3	PTHR23420:SF0
A0A140FWS4	PTHR10566:SF113
A0A1J6KBX2	PTHR42716:SF2
A0A1J6KEF3	PTHR32179:SF3
A0A2H4GSI3	PTHR11926:SF1392
A0A314KPU1	PTHR10638:SF82
A0A314KUK7	PTHR43349:SF49
A0A314KUM9	PTHR11482:SF63
A0A314KVN4	PTHR11206
A0ACD6BAY6	PTHR43690:SF18
A0AHF9	PTHR22960:SF29
A0JQW8	PTHR12128:SF19
A1L188	PTHR34561:SF1
A1L3X0	PTHR11157:SF118
A1ZBJ2	PTHR43884:SF11
A5PLL7	PTHR48177:SF1
A6NFY7	PTHR47046:SF1
A6NK58	PTHR10993:SF7
A6Q0K5	PTHR33921:SF15
A7UTA1	PTHR11022:SF41
B0YJ81	PTHR11035:SF22
C0HK98	PTHR11022:SF75
C8VBM8	PTHR40621:SF6
C8VQG9	PTHR43591:SF30
C8VTS4	PTHR33572:SF3
C8VTV4	PTHR33572:SF14
F4IIM1	PTHR46369:SF2
G5EAS8	PTHR23233:SF84
G5EAY5	PTHR45614:SF25
I1MSF2	PTHR10408:SF22
K7K424	PTHR12317:SF63
O00116	PTHR46568:SF1
O00142	PTHR10513:SF24
O00217	PTHR10849:SF20
O00330	PTHR23151:SF90
O00429	PTHR11566:SF39
O00548	PTHR24044:SF380
O00623	PTHR12888:SF2
O00628	PTHR46027:SF1
O00763	PTHR45728:SF1
O00764	PTHR10534:SF2
O14521	PTHR13337:SF6
O14543	PTHR10155:SF11
O14640	PTHR10878:SF5
O14678	PTHR11384:SF59
O14733	PTHR48013:SF17
O14841	PTHR11365:SF2
O14920	PTHR22969:SF7
O14949	PTHR12119:SF2
O14977	PTHR11482:SF7
O15067	PTHR10099:SF1
O15111	PTHR22969:SF13
O15120	PTHR10434:SF2
O15121	PTHR12879:SF2
O15169	PTHR46102:SF3
O15228	PTHR12563:SF17
O15229	PTHR46028:SF2
O15239	PTHR17098:SF2
O15254	PTHR10909:SF390
O15269	PTHR13693:SF2
O15270	PTHR13693:SF79
O15382	PTHR11825:SF39
O15524	PTHR10155:SF4
O18373	PTHR10256:SF0
O18404	PTHR43658:SF8
O22203	PTHR24298:SF1
O24562	PTHR42683
O30508	PTHR11986:SF113
O32129	PTHR10949:SF0
O43175	PTHR42938:SF22
O43181	PTHR12219:SF28
O43252	PTHR11055:SF17
O43272	PTHR13914:SF0
O43286	PTHR19300:SF45
O43292	PTHR13304:SF0
O43353	PTHR44329:SF9
O43676	PTHR15082:SF2
O43678	PTHR12878:SF6
O43708	PTHR42673:SF4
O43766	PTHR10949:SF0
O43772	PTHR45624:SF56
O43826	PTHR43826:SF3
O43933	PTHR23077:SF12
O48946	PTHR13301:SF33
O49482	PTHR42683:SF1
O49499	PTHR10509:SF84
O60494	PTHR47537:SF2
O60674	PTHR45807:SF1
O60683	PTHR23350:SF0
O60725	PTHR12714:SF9
O60762	PTHR43398:SF1
O60779	PTHR10686:SF19
O60906	PTHR12393:SF6
O75192	PTHR12652:SF22
O75208	PTHR21427:SF19
O75223	PTHR12935:SF0
O75251	PTHR11995:SF22
O75306	PTHR11993:SF10
O75352	PTHR12226:SF2
O75380	PTHR13156:SF0
O75381	PTHR23058:SF0
O75489	PTHR10884:SF15
O75581	PTHR46513:SF40
O75626	PTHR16515:SF63
O75746	PTHR45678:SF7
O75752	PTHR11214:SF153
O75845	PTHR11863:SF226
O75881	PTHR24304:SF0
O75907	PTHR10408:SF7
O75911	PTHR24322:SF483
O76082	PTHR24064:SF283
O85207	PTHR43194:SF5
O94777	PTHR15039:SF11
O94788	PTHR11699:SF102
O94808	PTHR10937:SF10
O94925	PTHR12544:SF49
O95045	PTHR43691:SF8
O95169	PTHR12840:SF2
O95237	PTHR46678:SF1
O95298	PTHR13099:SF0
O95299	PTHR10513:SF15
O95336	PTHR11054:SF0
O95340	PTHR11055:SF16
O95394	PTHR45955:SF1
O95427	PTHR12250:SF0
O95470	PTHR42735:SF6
O95544	PTHR20275:SF0
O95749	PTHR12001:SF44
O95835	PTHR24356:SF138
O95954	PTHR12234:SF0
O95992	PTHR11863:SF213
O96000	PTHR13094:SF1
O96011	PTHR12652:SF7
P00338	PTHR43128:SF10
P00350	PTHR11811:SF25
P00367	PTHR11606:SF25
P00390	PTHR42737:SF5
P00439	PTHR11473:SF24
P00480	PTHR45753:SF3
P00491	PTHR11904:SF12
P00492	PTHR43340:SF6
P00505	PTHR11879:SF39
P00533	PTHR24416:SF91
P00558	PTHR11406:SF14
P00803	PTHR43390:SF1
P00813	PTHR11409:SF43
P00861	PTHR43727:SF2
P00966	PTHR11587:SF5
P01111	PTHR24070:SF189
P01112	PTHR24070:SF385
P01116	PTHR24070:SF388
P01137	PTHR11848:SF125
P01584	PTHR10078:SF30
P03018	PTHR11070:SF2
P04035	PTHR10572:SF24
P04036	PTHR20836:SF0
P04062	PTHR11069:SF33
P04075	PTHR11627:SF1
P04181	PTHR11986:SF118
P04406	PTHR10836:SF111
P04424	PTHR43814:SF1
P04425	PTHR21621:SF4
P04626	PTHR24416:SF137
P04629	PTHR24416:SF370
P04818	PTHR11548:SF2
P04843	PTHR21049:SF0
P04844	PTHR12640:SF0
P04993	PTHR43788:SF6
P04994	PTHR30008:SF0
P04995	PTHR11046:SF11
P05062	PTHR11627:SF2
P05089	PTHR43782:SF2
P05093	PTHR24289:SF13
P05108	PTHR24279:SF3
P05141	PTHR45635:SF3
P05165	PTHR18866:SF33
P05166	PTHR43842:SF2
P05987	PTHR11635:SF152
P06132	PTHR21091:SF169
P06213	PTHR24416:SF535
P06239	PTHR24418:SF39
P06576	PTHR15184:SF71
P06737	PTHR11468:SF3
P06744	PTHR11469:SF1
P06865	PTHR22600:SF39
P06983	PTHR11557:SF0
P07101	PTHR11473:SF18
P07195	PTHR43128:SF2
P07550	PTHR24248:SF21
P07602	PTHR11480:SF36
P07648	PTHR30591:SF1
P07686	PTHR22600:SF38
P07738	PTHR11931:SF11
P07741	PTHR32315:SF3
P07900	PTHR11528:SF87
P07902	PTHR11943:SF1
P07919	PTHR15336:SF3
P08151	PTHR45718:SF2
P08178	PTHR10520:SF12
P08179	PTHR43369:SF2
P08201	PTHR43809:SF1
P08236	PTHR10066:SF67
P08237	PTHR13697:SF59
P08394	PTHR11070:SF23
P08397	PTHR11557:SF0
P08476	PTHR11848:SF133
P08559	PTHR11516:SF52
P08574	PTHR10266:SF3
P08581	PTHR24416:SF483
P08686	PTHR24281:SF83
P08796	PTHR31341:SF16
P08887	PTHR23036:SF98
P09029	PTHR11609:SF5
P09110	PTHR43853:SF8
P09126	PTHR38042:SF1
P09172	PTHR10157:SF29
P09417	PTHR15104:SF0
P09601	PTHR10720:SF1
P09619	PTHR24416:SF53
P09622	PTHR22912:SF151
P09831	PTHR11938:SF148
P09832	PTHR42783:SF3
P0A0Z9	PTHR30602:SF12
P0A120	PTHR30478:SF0
P0A6A0	PTHR10566:SF113
P0A6B4	PTHR30511:SF4
P0A6C8	PTHR23342:SF0
P0A6F3	PTHR10196:SF69
P0A6I3	PTHR10285:SF139
P0A6I6	PTHR21342:SF1
P0A6I9	PTHR10695:SF46
P0A6K1	PTHR31689:SF0
P0A6L2	PTHR12128:SF66
P0A6N4	PTHR30053:SF12
P0A6W9	PTHR38761:SF1
P0A6X1	PTHR43013:SF1
P0A715	PTHR21057:SF2
P0A752	PTHR12039:SF0
P0A7G6	PTHR45900:SF1
P0A812	PTHR42848:SF1
P0A814	PTHR30194:SF3
P0A887	PTHR43591:SF24
P0A8G9	PTHR34137:SF1
P0A8K1	PTHR10067:SF6
P0A8M0	PTHR22594:SF34
P0A988	PTHR30478:SF0
P0A9C5	PTHR43407:SF2
P0A9D8	PTHR19136:SF52
P0A9I8	PTHR40562:SF1
P0A9J4	PTHR43765:SF2
P0AAB4	PTHR30108:SF17
P0AAI1	PTHR42788:SF17
P0AB89	PTHR43411:SF1
P0ABQ0	PTHR14359:SF6
P0AC28	PTHR23407:SF1
P0AC53	PTHR23429:SF0
P0ACB2	PTHR11458:SF1
P0ACB4	PTHR38030:SF2
P0ADP7	PTHR38693:SF1
P0ADZ7	PTHR33909:SF1
P0AE16	PTHR12778:SF10
P0AE37	PTHR30420:SF1
P0AED7	PTHR43270:SF8
P0AEJ6	PTHR39329:SF1
P0AEK4	PTHR43159:SF2
P0AER0	PTHR43829:SF9
P0AES2	PTHR48080:SF4
P0AEW9	PTHR46566:SF5
P0AEZ1	PTHR45754:SF3
P0AF03	PTHR43764:SF1
P0AF12	PTHR46832:SF1
P0AG03	PTHR43374:SF1
P0AG16	PTHR11907:SF0
P0AG18	PTHR23046:SF2
P0AG40	PTHR22749:SF6
P0AG86	PTHR36918:SF1
P0AG90	PTHR30081:SF1
P0AG93	PTHR30081:SF8
P0AG96	PTHR33910:SF1
P0AG99	PTHR34182:SF1
P0AGA2	PTHR10906:SF2
P0AGB0	PTHR43344:SF2
P0AGE0	PTHR10302:SF27
P0AGK1	PTHR11048:SF28
P0DJ07	PTHR33968:SF1
P0DP23	PTHR23050:SF531
P10069	PTHR14003:SF19
P10176	PTHR16717:SF1
P10253	PTHR22762:SF92
P10276	PTHR24082:SF115
P10408	PTHR30612:SF0
P10443	PTHR32294:SF0
P10515	PTHR23151:SF90
P10746	PTHR12390:SF0
P10902	PTHR42716:SF2
P11086	PTHR10867:SF18
P11172	PTHR19278:SF9
P11177	PTHR11624:SF96
P11182	PTHR43178:SF5
P11217	PTHR11468:SF32
P11310	PTHR48083:SF2
P11362	PTHR24416:SF131
P11413	PTHR23429:SF0
P11458	PTHR30573:SF0
P11498	PTHR43778:SF2
P11511	PTHR24291:SF43
P11586	PTHR48099:SF1
P11912	PTHR14334:SF1
P11926	PTHR11482:SF42
P11976	PTHR31797:SF3
P12019	PTHR28283:SF1
P12235	PTHR45635:SF32
P12236	PTHR45635:SF13
P12268	PTHR11911:SF121
P12271	PTHR10174:SF200
P12282	PTHR10953:SF194
P12359	PTHR34058
P12644	PTHR11848:SF165
P12694	PTHR43380:SF1
P12931	PTHR24418:SF53
P13016	PTHR30417:SF4
P13035	PTHR11985:SF15
P13196	PTHR13693:SF50
P13716	PTHR11458:SF0
P13773	PTHR23112:SF23
P13804	PTHR43153:SF1
P13807	PTHR10176:SF2
P13929	PTHR11902:SF5
P13995	PTHR48099:SF15
P14324	PTHR11525:SF0
P14618	PTHR11817:SF15
P14681	PTHR24055:SF590
P14778	PTHR11890:SF26
P14902	PTHR28657:SF2
P14927	PTHR12022:SF12
P15042	PTHR23389:SF9
P15056	PTHR44329:SF240
P15104	PTHR20852:SF45
P15254	PTHR10099:SF1
P15259	PTHR11931:SF8
P15289	PTHR42693:SF11
P15395	PTHR11236:SF9
P15538	PTHR24279:SF115
P15586	PTHR43108:SF5
P15639	PTHR11692:SF0
P15640	PTHR43472:SF1
P15735	PTHR24347:SF390
P16051	PTHR10218:SF351
P16219	PTHR43884:SF12
P16278	PTHR23421:SF172
P16456	PTHR10256:SF0
P16635	PTHR10374:SF30
P16892	PTHR24055:SF79
P16930	PTHR43069:SF2
P17115	PTHR42745:SF2
P17174	PTHR11879:SF3
P17252	PTHR24356:SF193
P17405	PTHR10340:SF34
P17489	PTHR11709:SF488
P17516	PTHR11732:SF165
P17568	PTHR20900:SF0
P17707	PTHR11570:SF0
P17735	PTHR45744:SF2
P17752	PTHR11473:SF23
P17846	PTHR11493:SF47
P17900	PTHR17357:SF0
P17948	PTHR24416:SF390
P17993	PTHR43464:SF19
P18079	PTHR13693:SF102
P18133	PTHR11098:SF1
P18335	PTHR11986:SF122
P18843	PTHR23090:SF7
P19099	PTHR24279:SF1
P19367	PTHR19443:SF10
P19404	PTHR10371:SF3
P19438	PTHR46861:SF1
P19440	PTHR11686:SF56
P19622	PTHR24341:SF5
P19623	PTHR11558:SF11
P19636	PTHR39330:SF1
P19793	PTHR24083:SF39
P19971	PTHR10515:SF0
P20061	PTHR10559:SF13
P20062	PTHR10559:SF14
P20674	PTHR14200:SF16
P20711	PTHR11999:SF167
P20839	PTHR11911:SF74
P20945	PTHR11834:SF0
P20966	PTHR30505:SF32
P21156	PTHR43196:SF1
P21359	PTHR10194:SF142
P21369	PTHR11080:SF2
P21549	PTHR21152:SF40
P21589	PTHR11575:SF24
P21673	PTHR10545:SF36
P21695	PTHR11728:SF32
P21860	PTHR24416:SF88
P21893	PTHR30255:SF2
P21912	PTHR11921:SF29
P21953	PTHR42980:SF1
P22022	PTHR22934:SF25
P22033	PTHR48101:SF4
P22102	PTHR10520:SF12
P22234	PTHR43599:SF11
P22304	PTHR45953:SF1
P22307	PTHR24314:SF20
P22557	PTHR13693:SF58
P22680	PTHR24304:SF1
P22695	PTHR11851:SF226
P22830	PTHR11108:SF1
P23109	PTHR11359:SF1
P23378	PTHR11773:SF1
P23434	PTHR11715:SF42
P23458	PTHR45807:SF5
P23526	PTHR23420:SF17
P23721	PTHR43247:SF1
P23786	PTHR22589:SF51
P23830	PTHR12586:SF1
P23845	PTHR23115:SF170
P23871	PTHR11108:SF1
P23883	PTHR11699:SF291
P23893	PTHR43713:SF3
P23909	PTHR11361:SF34
P23919	PTHR10344:SF1
P24186	PTHR48099:SF5
P24311	PTHR16716:SF0
P24752	PTHR18919:SF156
P25054	PTHR12607:SF11
P25534	PTHR43876:SF8
P25535	PTHR43876:SF7
P25705	PTHR48082:SF3
P26287	PTHR33288:SF10
P26439	PTHR10366:SF784
P26440	PTHR43884:SF12
P26494	PTHR36837:SF5
P26495	PTHR43798:SF5
P26496	PTHR36837:SF5
P26602	PTHR38683:SF1
P27352	PTHR10559:SF15
P27544	PTHR12560:SF58
P27708	PTHR11405:SF5
P27745	PTHR11516:SF60
P27746	PTHR43257:SF3
P27747	PTHR43689:SF8
P27986	PTHR10155:SF3
P28328	PTHR48178:SF1
P28331	PTHR11615:SF6
P28482	PTHR24055:SF584
P28845	PTHR44279:SF1
P29317	PTHR24416:SF306
P29373	PTHR11955:SF152
P29401	PTHR43195:SF3
P29466	PTHR47901:SF3
P29474	PTHR19384:SF66
P29597	PTHR45807:SF6
P29680	PTHR21091:SF169
P30011	PTHR32179:SF3
P30038	PTHR14516:SF3
P30043	PTHR43355:SF2
P30049	PTHR13822:SF7
P30084	PTHR11941:SF54
P30138	PTHR10953:SF240
P30519	PTHR10720:SF2
P30566	PTHR43172:SF1
P30613	PTHR11817:SF31
P30748	PTHR33359:SF1
P30793	PTHR11109:SF11
P31040	PTHR11632:SF51
P31057	PTHR20881:SF0
P31213	PTHR10556:SF37
P31327	PTHR11405:SF53
P31641	PTHR11616:SF141
P31663	PTHR21299:SF1
P31749	PTHR24356:SF171
P31751	PTHR24356:SF176
P31930	PTHR11851:SF116
P31937	PTHR22981:SF7
P31939	PTHR11692:SF0
P32131	PTHR13932:SF6
P32173	PTHR19136:SF81
P32320	PTHR11644:SF2
P32322	PTHR11645:SF6
P32754	PTHR11959:SF12
P32929	PTHR11808:SF15
P33221	PTHR43055:SF1
P33316	PTHR11241:SF11
P33770	PTHR13932:SF6
P34059	PTHR42693:SF47
P34099	PTHR24353:SF37
P34762	PTHR36576:SF1
P34896	PTHR11680:SF59
P34897	PTHR11680:SF28
P35222	PTHR45976:SF4
P35270	PTHR44085:SF2
P35401	PTHR14336:SF19
P35475	PTHR12631:SF8
P35510	PTHR10362:SF7
P35520	PTHR10314:SF194
P35557	PTHR19443:SF3
P35573	PTHR10569:SF2
P35575	PTHR12591:SF3
P35670	PTHR43520:SF30
P35790	PTHR22603:SF36
P35914	PTHR42738:SF1
P35968	PTHR24416:SF45
P36551	PTHR10755:SF0
P36553	PTHR10755:SF0
P36871	PTHR22573:SF37
P36957	PTHR43416:SF18
P37058	PTHR43899:SF7
P37268	PTHR11626:SF2
P37287	PTHR45871:SF3
P37610	PTHR30468:SF1
P37758	PTHR23515:SF6
P37773	PTHR43445:SF5
P37837	PTHR10683:SF18
P37906	PTHR13847:SF275
P38038	PTHR19384:SF128
P38043	PTHR30024:SF7
P38044	PTHR30151:SF7
P38045	PTHR42788:SF7
P38046	PTHR42788:SF7
P38093	PTHR10845:SF192
P38117	PTHR21294:SF8
P39458	PTHR43105:SF9
P39648	PTHR43679:SF2
P39656	PTHR10830:SF0
P39823	PTHR14269:SF59
P39829	PTHR30536:SF1
P40189	PTHR23036:SF83
P40259	PTHR14334:SF2
P40763	PTHR11801:SF2
P40855	PTHR12774:SF2
P40925	PTHR23382:SF3
P40926	PTHR11540:SF16
P40939	PTHR43612:SF7
P41793	PTHR11699:SF68
P41796	PTHR40089:SF1
P42068	PTHR11358:SF35
P42224	PTHR11801:SF18
P42357	PTHR10362:SF7
P42433	PTHR43429:SF3
P42434	PTHR43742:SF2
P42523	PTHR31341:SF4
P42765	PTHR18919:SF145
P42898	PTHR45754:SF3
P43251	PTHR10609:SF14
P43304	PTHR11985:SF29
P43403	PTHR24418:SF369
P43405	PTHR24418:SF231
P43490	PTHR43816:SF1
P43601	PTHR11227:SF17
P43694	PTHR10071:SF154
P43885	PTHR43761:SF1
P45395	PTHR42745:SF1
P45568	PTHR30525:SF0
P45578	PTHR35799:SF1
P45597	PTHR46244:SF6
P45954	PTHR43884:SF1
P45983	PTHR24055:SF222
P45985	PTHR48013:SF29
P46019	PTHR10749:SF5
P46020	PTHR10749:SF4
P46531	PTHR45836:SF12
P46597	PTHR11746:SF199
P46734	PTHR48013:SF21
P46952	PTHR15497:SF1
P46976	PTHR11183:SF164
P46977	PTHR13872:SF43
P47804	PTHR24240:SF90
P47985	PTHR10134:SF20
P47989	PTHR11908:SF80
P48047	PTHR11910:SF21
P48201	PTHR10031:SF59
P48431	PTHR10270:SF231
P48449	PTHR11764:SF20
P48506	PTHR11164:SF0
P48507	PTHR13295:SF4
P48637	PTHR11130:SF0
P48728	PTHR43757:SF16
P48729	PTHR11909:SF84
P48736	PTHR10048:SF34
P48775	PTHR10138:SF0
P49247	PTHR11934:SF0
P49327	PTHR43775:SF7
P49354	PTHR11129:SF5
P49356	PTHR11774:SF6
P49419	PTHR43521:SF5
P49448	PTHR11606:SF15
P49585	PTHR10739:SF19
P49591	PTHR11778:SF7
P49675	PTHR46489:SF1
P49748	PTHR43884:SF11
P49821	PTHR11780:SF10
P49841	PTHR24057:SF8
P49902	PTHR12103:SF17
P49903	PTHR10256:SF2
P49915	PTHR11922:SF2
P50053	PTHR43085:SF55
P50336	PTHR42923:SF3
P50416	PTHR22589:SF74
P50542	PTHR10130:SF2
P50747	PTHR12835:SF5
P51570	PTHR10457:SF7
P51649	PTHR43353:SF5
P51659	PTHR13078:SF56
P51688	PTHR43108:SF6
P51692	PTHR11801:SF39
P51857	PTHR11732:SF211
P51970	PTHR13344:SF0
P52209	PTHR11811:SF50
P52564	PTHR48013:SF12
P52630	PTHR11801:SF41
P52788	PTHR46315:SF2
P53004	PTHR43377:SF1
P53007	PTHR45788:SF4
P53396	PTHR23118:SF42
P53599	PTHR48016:SF32
P53602	PTHR10977:SF3
P53609	PTHR11774:SF4
P53611	PTHR11774:SF11
P53855	PTHR13190:SF1
P54368	PTHR10279:SF8
P54511	PTHR43679:SF2
P54657	PTHR38083:SF1
P54661	PTHR35884:SF1
P54687	PTHR11825:SF70
P54760	PTHR24416:SF296
P54802	PTHR12872:SF1
P54803	PTHR15172:SF1
P54840	PTHR10176:SF1
P54868	PTHR43323:SF1
P54886	PTHR11063:SF8
P55084	PTHR18919:SF147
P55211	PTHR10454:SF157
P56381	PTHR12448:SF1
P56556	PTHR12964:SF6
P56589	PTHR28080:SF1
P56601	PTHR42923:SF3
P56704	PTHR12027:SF88
P57054	PTHR46346:SF1
P57772	PTHR43721:SF11
P59300	PTHR23342:SF0
P59308	PTHR32338:SF10
P59319	PTHR11986:SF113
P59344	PTHR36570:SF3
P59345	PTHR36570:SF3
P59392	PTHR10256:SF0
P59400	PTHR21256:SF2
P59479	PTHR33516:SF2
P59604	PTHR11587:SF2
P59612	PTHR23100:SF0
P59618	PTHR43814:SF1
P60174	PTHR21139:SF24
P60716	PTHR10949:SF0
P60720	PTHR10993:SF7
P60891	PTHR10210:SF118
P61457	PTHR12599:SF13
P61586	PTHR24072:SF153
P61803	PTHR10705:SF0
P62615	PTHR43527:SF2
P62617	PTHR43181:SF1
P62620	PTHR30454:SF0
P62623	PTHR30426:SF0
P62993	PTHR46037:SF4
P63228	PTHR42891:SF1
P65117	PTHR33370:SF1
P71079	PTHR42760:SF115
P73133	PTHR11986:SF79
P75851	PTHR30151:SF38
P75853	PTHR30024:SF42
P75919	PTHR21248:SF12
P75949	PTHR30480:SF13
P76038	PTHR43235:SF1
P76215	PTHR15162:SF7
P76216	PTHR30420:SF2
P76217	PTHR11699:SF299
P76658	PTHR46969:SF1
P77488	PTHR43322:SF5
P77570	PTHR30605:SF0
P77581	PTHR11986:SF113
P77973	PTHR11587:SF2
P78061	PTHR43785:SF12
P78330	PTHR43344:SF2
P78382	PTHR10231:SF66
P78540	PTHR43782:SF4
P78714	PTHR47172:SF24
P80357	PTHR30420:SF1
P80358	PTHR30420:SF1
P80365	PTHR43313:SF2
P80404	PTHR43206:SF1
P80644	PTHR43408:SF1
P80645	PTHR42847:SF4
P84022	PTHR13703:SF53
P92994	PTHR47948:SF4
P96956	PTHR11102:SF160
P99999	PTHR11961:SF29
P9WJ02	PTHR32439:SF0
P9WN45	PTHR43651:SF3
P9WPA1	PTHR34265:SF1
P9WQ17	PTHR47786:SF2
P9WQ19	PTHR10357:SF219
Q00266	PTHR11964:SF11
Q00325	PTHR45671:SF10
Q00743	PTHR10218:SF302
Q00914	PTHR24960:SF79
Q00973	PTHR15046:SF1
Q01371	PTHR47429:SF7
Q01432	PTHR11359:SF2
Q01433	PTHR11359:SF3
Q01581	PTHR43323:SF4
Q01860	PTHR11636:SF86
Q02127	PTHR48109:SF4
Q02221	PTHR11504:SF1
Q02252	PTHR43866:SF3
Q02318	PTHR24291:SF6
Q02338	PTHR43313:SF25
Q02978	PTHR45618:SF9
Q03100	PTHR45627:SF12
Q03393	PTHR12589:SF7
Q03426	PTHR43290:SF2
Q04446	PTHR43651:SF3
Q04512	PTHR13693:SF102
Q04656	PTHR43520:SF29
Q05329	PTHR45677:SF11
Q05397	PTHR24418:SF78
Q05925	PTHR24341:SF4
Q06136	PTHR43550:SF3
Q06187	PTHR24418:SF92
Q06203	PTHR11907:SF20
Q06210	PTHR10937:SF12
Q07326	PTHR43157:SF31
Q08426	PTHR23309:SF49
Q0WW17	PTHR13533:SF48
Q12142	PTHR13038:SF10
Q12778	PTHR45767:SF1
Q12882	PTHR43073:SF2
Q12933	PTHR10131:SF21
Q13043	PTHR48015:SF32
Q13057	PTHR10695:SF46
Q13085	PTHR45728:SF5
Q13163	PTHR48013:SF9
Q13164	PTHR24055:SF561
Q13233	PTHR24361:SF414
Q13451	PTHR10516:SF26
Q13454	PTHR12692:SF1
Q13510	PTHR28583:SF1
Q13546	PTHR44329:SF6
Q13608	PTHR23077:SF9
Q13635	PTHR46022:SF5
Q13825	PTHR11941:SF12
Q13907	PTHR10885:SF5
Q14032	PTHR10824:SF18
Q14117	PTHR11647:SF50
Q14376	PTHR43725:SF47
Q14442	PTHR15231:SF1
Q14469	PTHR10985:SF153
Q14534	PTHR10835:SF0
Q14693	PTHR12181:SF10
Q14749	PTHR16458:SF2
Q14790	PTHR10454:SF162
Q15067	PTHR10909:SF250
Q15125	PTHR14207:SF0
Q15126	PTHR13101:SF1
Q15274	PTHR32179:SF3
Q15465	PTHR11889:SF36
Q15738	PTHR10366:SF564
Q15796	PTHR13703:SF42
Q15800	PTHR11863:SF225
Q16134	PTHR10617:SF107
Q16222	PTHR11952:SF4
Q16518	PTHR10543:SF57
Q16539	PTHR24055:SF110
Q16613	PTHR10908:SF0
Q16620	PTHR24416:SF136
Q16718	PTHR12653:SF0
Q16719	PTHR14084:SF0
Q16739	PTHR12726:SF0
Q16795	PTHR12126:SF10
Q16831	PTHR43691:SF10
Q16836	PTHR43561:SF3
Q16850	PTHR24286:SF191
Q16851	PTHR43511:SF4
Q16854	PTHR10513:SF8
Q16878	PTHR12918:SF1
Q16880	PTHR48043:SF54
Q23868	PTHR24221:SF395
Q23917	PTHR11347:SF226
Q2FZP6	PTHR23135:SF4
Q2TAA5	PTHR45919:SF1
Q2TAZ0	PTHR13190:SF21
Q330K2	PTHR21181:SF13
Q38890	PTHR22298:SF185
Q39165	PTHR33203:SF32
Q3AK30	PTHR30454:SF0
Q3LXA3	PTHR28629:SF4
Q3MUY2	PTHR39235:SF1
Q42524	PTHR24096:SF352
Q42600	PTHR47945:SF5
Q44315	PTHR10357:SF216
Q44316	PTHR43651:SF11
Q46810	PTHR43777:SF1
Q46868	PTHR38040:SF1
Q46893	PTHR32125:SF4
Q47537	PTHR30024:SF47
Q47538	PTHR42788:SF18
Q47539	PTHR30151:SF25
Q4G0N4	PTHR13158:SF5
Q51371	PTHR22990:SF15
Q51392	PTHR13285:SF23
Q51553	PTHR43194:SF5
Q53229	PTHR40255:SF1
Q53GQ0	PTHR43899:SF14
Q54ER9	PTHR14312:SF7
Q54FI3	PTHR45681:SF6
Q54FI4	PTHR43747:SF5
Q54QV3	PTHR24058:SF17
Q54RR8	PTHR28242:SF52
Q54U87	PTHR43719:SF10
Q54V07	PTHR31341:SF18
Q54WA7	PTHR12537:SF12
Q54XG7	PTHR14312:SF1
Q54YG2	PTHR31797:SF8
Q551V8	PTHR43642:SF2
Q553Y7	PTHR11920:SF335
Q59695	PTHR43798:SF33
Q59696	PTHR43161:SF26
Q5B9N8	PTHR28189:SF1
Q5BBX1	PTHR33572:SF18
Q5BH99	PTHR19850
Q5BKT4	PTHR12989:SF11
Q5FXM5	PTHR23310:SF62
Q5H8A4	PTHR23072:SF0
Q5HYK3	PTHR43591:SF24
Q5JHF1	PTHR42282:SF1
Q5JIZ8	PTHR40695:SF1
Q5JTJ3	PTHR46690:SF1
Q5QJU3	PTHR46139:SF1
Q5RI15	PTHR31586:SF2
Q5T2R2	PTHR12001:SF78
Q5T9L3	PTHR13449:SF2
Q5TEU4	PTHR13090:SF1
Q5U117	PTHR48083:SF2
Q5U5X0	PTHR46749:SF1
Q63HM1	PTHR23024:SF574
Q68CP4	PTHR31061:SF37
Q6DKK2	PTHR13143:SF6
Q6FAK7	PTHR36701:SF1
Q6FFQ0	PTHR43353:SF3
Q6NUK1	PTHR24089:SF262
Q6NVY1	PTHR43176:SF15
Q6QHF9	PTHR10742:SF405
Q6UW78	PTHR36465:SF1
Q6UWS5	PTHR28163:SF1
Q6Y1H2	PTHR11035:SF17
Q70HW3	PTHR45667:SF9
Q75T13	PTHR15495:SF7
Q7JR58	PTHR11941:SF54
Q7L592	PTHR12049:SF7
Q7LG56	PTHR23409:SF19
Q7X9A6	PTHR10134
Q7Z3C6	PTHR13038:SF13
Q7Z412	PTHR16262:SF2
Q7Z7B1	PTHR20661:SF0
Q84JA6	PTHR13301:SF91
Q86SQ9	PTHR10291:SF43
Q86VD7	PTHR24089:SF736
Q86VZ5	PTHR21290:SF28
Q86WW8	PTHR28627:SF1
Q86XE5	PTHR12128:SF66
Q86Y39	PTHR21382:SF1
Q86YH6	PTHR12001:SF55
Q86YN1	PTHR11247:SF1
Q88C17	PTHR22912:SF151
Q88C19	PTHR21248:SF22
Q88C31	PTHR11070:SF2
Q88C32	PTHR23429:SF0
Q88C36	PTHR48095:SF1
Q88C37	PTHR43778:SF2
Q88C47	PTHR23046:SF2
Q88C48	PTHR11609:SF5
Q88C57	PTHR43423:SF12
Q88C65	PTHR11048:SF28
Q88C66	PTHR38683:SF1
Q88C82	PTHR34476:SF1
Q88C84	PTHR43785:SF12
Q88C85	PTHR43235:SF1
Q88C96	PTHR14359:SF6
Q88CA5	PTHR21248:SF12
Q88CE6	PTHR38040:SF1
Q88CG8	PTHR30108:SF17
Q88CH8	PTHR23407:SF1
Q88CI2	PTHR43876:SF8
Q88CI4	PTHR43876:SF7
Q88CI7	PTHR43757:SF2
Q88CI8	PTHR11715:SF3
Q88CI9	PTHR11773:SF13
Q88CJ5	PTHR43808:SF1
Q88CM5	PTHR43761:SF1
Q88CN0	PTHR11934:SF0
Q88CN1	PTHR48078:SF11
Q88CN3	PTHR43344:SF13
Q88CN5	PTHR46244:SF1
Q88CN8	PTHR30589:SF0
Q88CQ2	PTHR43661:SF3
Q88CQ7	PTHR21342:SF1
Q88CR9	PTHR43134:SF1
Q88CS6	PTHR34266:SF2
Q88CU1	PTHR11956:SF5
Q88CV4	PTHR11938:SF148
Q88CV5	PTHR42783:SF3
Q88CV6	PTHR21091:SF169
Q88CX7	PTHR36918:SF1
Q88CY3	PTHR43407:SF2
Q88CY4	PTHR43209:SF1
Q88CZ3	PTHR11271:SF48
Q88CZ6	PTHR12216:SF4
Q88CZ7	PTHR10362
Q88CZ9	PTHR42752:SF1
Q88D03	PTHR30504:SF4
Q88D04	PTHR43867:SF5
Q88D11	PTHR30371:SF0
Q88D12	PTHR33162:SF1
Q88D13	PTHR42982:SF1
Q88D14	PTHR42945:SF9
Q88D15	PTHR42945:SF1
Q88D16	PTHR38693:SF1
Q88D17	PTHR43591:SF24
Q88D23	PTHR36837:SF5
Q88D24	PTHR43433:SF5
Q88D25	PTHR36837:SF5
Q88D35	PTHR21621:SF4
Q88D44	PTHR42684:SF17
Q88D51	PTHR45754:SF3
Q88D60	PTHR11964
Q88D62	PTHR43522:SF2
Q88D63	PTHR43148
Q88D81	PTHR48086:SF3
Q88D93	PTHR46969:SF1
Q88DA5	PTHR30557:SF1
Q88DB8	PTHR43344:SF2
Q88DB9	PTHR10067:SF6
Q88DC7	PTHR30002:SF4
Q88DD1	PTHR10073:SF12
Q88DD7	PTHR11476:SF7
Q88DF6	PTHR23090:SF7
Q88DF7	PTHR11098:SF1
Q88DK2	PTHR43472:SF1
Q88DK3	PTHR11692:SF0
Q88DL4	PTHR11063:SF8
Q88DL5	PTHR39321:SF3
Q88DM4	PTHR10993:SF7
Q88DM5	PTHR10949:SF0
Q88DN1	PTHR43740:SF2
Q88DN4	PTHR38686:SF1
Q88DP0	PTHR43713:SF3
Q88DP1	PTHR20857:SF15
Q88DP2	PTHR20858:SF17
Q88DR6	PTHR48080:SF4
Q88DV7	PTHR43381:SF5
Q88DW8	PTHR21299:SF1
Q88DW9	PTHR20881:SF0
Q88DY8	PTHR18968:SF13
Q88DY9	PTHR30239:SF0
Q88DZ0	PTHR21371:SF1
Q88DZ1	PTHR14269:SF61
Q88DZ4	PTHR30591:SF1
Q88DZ5	PTHR11070:SF23
Q88DZ6	PTHR43788:SF6
Q88E33	PTHR37480:SF1
Q88E47	PTHR11056:SF0
Q88E48	PTHR43069:SF2
Q88E49	PTHR42673:SF21
Q88EC1	PTHR34069:SF2
Q88EI2	PTHR30420:SF1
Q88EI3	PTHR30420:SF1
Q88EI4	PTHR11699
Q88EI5	PTHR30420:SF2
Q88EI7	PTHR15162:SF7
Q88EI8	PTHR11777:SF9
Q88EP9	PTHR22912:SF160
Q88ES4	PTHR34069:SF2
Q88EV6	PTHR23132:SF25
Q88EX5	PTHR43499:SF1
Q88EX6	PTHR30070:SF1
Q88EX7	PTHR30071:SF1
Q88EX8	PTHR37531:SF1
Q88EX9	PTHR34128:SF2
Q88EY0	PTHR43653:SF1
Q88EY1	PTHR42852:SF6
Q88EZ9	PTHR11817
Q88F01	PTHR43060:SF15
Q88F02	PTHR43489:SF13
Q88F03	PTHR18968:SF14
Q88F25	PTHR23389:SF9
Q88F35	PTHR13932:SF6
Q88F68	PTHR43777:SF1
Q88FB1	PTHR22912:SF224
Q88FC3	PTHR11712:SF306
Q88FC4	PTHR30272:SF8
Q88FD7	PTHR30607:SF2
Q88FD8	PTHR30042:SF2
Q88FD9	PTHR45569:SF1
Q88FE0	PTHR48111:SF50
Q88FF3	PTHR43705:SF1
Q88FJ8	PTHR14269:SF62
Q88FM2	PTHR18866:SF33
Q88FM3	PTHR42964:SF1
Q88FM4	PTHR22855:SF13
Q88FM5	PTHR43884:SF12
Q88FM9	PTHR47786:SF2
Q88FN0	PTHR10357:SF219
Q88FN1	PTHR43651:SF3
Q88FN6	PTHR10357:SF216
Q88FN8	PTHR43651:SF11
Q88FP6	PTHR11811
Q88FP7	PTHR23429:SF0
Q88FQ0	PTHR43073:SF2
Q88FQ1	PTHR43073:SF2
Q88FR7	PTHR43411:SF1
Q88FR9	PTHR11933:SF5
Q88FT2	PTHR43697:SF1
Q88FT6	PTHR37010:SF1
Q88FT7	PTHR37526:SF1
Q88FT8	PTHR38780:SF1
Q88FT9	PTHR34874:SF3
Q88GB1	PTHR21327:SF34
Q88GF8	PTHR10374:SF30
Q88GH6	PTHR32479:SF17
Q88GH7	PTHR11748:SF103
Q88GH8	PTHR42934:SF1
Q88GK6	PTHR48073:SF2
Q88GK8	PTHR33711:SF7
Q88GQ4	PTHR12586:SF1
Q88GW5	PTHR43353:SF3
Q88GW6	PTHR30536:SF1
Q88GW8	PTHR12128:SF19
Q88GW9	PTHR43235:SF1
Q88H25	PTHR42738:SF7
Q88H54	PTHR42825:SF2
Q88HA3	PTHR19136:SF81
Q88HB4	PTHR48078:SF11
Q88HN1	PTHR11458:SF0
Q88HR9	PTHR11941:SF54
Q88HS0	PTHR43459:SF1
Q88HS1	PTHR48075:SF5
Q88HS3	PTHR43853:SF2
Q88HS4	PTHR43439:SF1
Q88HS5	PTHR30458:SF2
Q88HS7	PTHR30458:SF0
Q88HS9	PTHR47354:SF8
Q88HT3	PTHR43111:SF1
Q88HT9	PTHR21248:SF23
Q88HU3	PTHR42705:SF2
Q88HU8	PTHR41251:SF1
Q88HV0	PTHR36510:SF1
Q88I35	PTHR33711:SF7
Q88I37	PTHR42760:SF123
Q88I38	PTHR47354:SF5
Q88I39	PTHR41534:SF1
Q88I40	PTHR43756:SF1
Q88I44	PTHR43200:SF6
Q88I82	PTHR32294:SF4
Q88I83	PTHR35369:SF2
Q88I84	PTHR35369:SF3
Q88I93	PTHR32305:SF15
Q88I99	PTHR35850:SF1
Q88IA0	PTHR35565:SF3
Q88IA1	PTHR38595:SF1
Q88IA2	PTHR35370:SF1
Q88IA3	PTHR35564:SF4
Q88IA4	PTHR11638:SF184
Q88IA5	PTHR37625:SF4
Q88IA6	PTHR35566:SF1
Q88IA7	PTHR38033:SF1
Q88IA8	PTHR36153:SF1
Q88IB0	PTHR36152:SF5
Q88IB1	PTHR37951:SF1
Q88IS0	PTHR43727:SF1
Q88IS1	PTHR43796:SF2
Q88IT3	PTHR21098:SF0
Q88IT6	PTHR11458:SF1
Q88IU4	PTHR10890:SF3
Q88IU5	PTHR43097:SF5
Q88JF1	PTHR30519
Q88JJ0	PTHR43423:SF1
Q88JJ1	PTHR42922:SF1
Q88JJ2	PTHR30425:SF1
Q88JJ3	PTHR42996:SF1
Q88JL1	PTHR12558:SF13
Q88JL3	PTHR39083:SF1
Q88JL4	PTHR43867:SF2
Q88JR0	PTHR11699
Q88JX6	PTHR34596:SF2
Q88JX8	PTHR12993:SF29
Q88JX9	PTHR33254:SF16
Q88JY0	PTHR43709:SF3
Q88K10	PTHR43777:SF1
Q88K22	PTHR10947:SF0
Q88K23	PTHR11538:SF41
Q88K26	PTHR10938:SF0
Q88K27	PTHR11451:SF44
Q88K44	PTHR13847:SF275
Q88K56	PTHR11601:SF34
Q88KB5	PTHR45833:SF1
Q88KB9	PTHR32439:SF9
Q88KD9	PTHR43347:SF3
Q88KF1	PTHR43160:SF4
Q88KF2	PTHR16943:SF8
Q88KF3	PTHR43709:SF2
Q88KF4	PTHR11670
Q88KF5	PTHR11739:SF25
Q88KF6	PTHR42905:SF5
Q88KG2	PTHR46482:SF9
Q88KM5	PTHR48099:SF5
Q88KT0	PTHR42778:SF1
Q88KT1	PTHR43434:SF19
Q88KW0	PTHR43235:SF1
Q88KW1	PTHR43785:SF12
Q88KX1	PTHR10683:SF18
Q88KX9	PTHR34354:SF1
Q88KZ4	PTHR30480:SF13
Q88L20	PTHR42938:SF9
Q88L21	PTHR33279:SF2
Q88L24	PTHR11670
Q88L43	PTHR23515
Q88L53	PTHR43030:SF1
Q88LD5	PTHR11907
Q88LD9	PTHR42995:SF5
Q88LE0	PTHR42894:SF1
Q88LE5	PTHR42979:SF1
Q88LE7	PTHR43345:SF5
Q88LE8	PTHR43822:SF9
Q88LF6	PTHR43311:SF2
Q88LI7	PTHR48099:SF5
Q88LL4	PTHR11712:SF336
Q88LL5	PTHR20863:SF76
Q88LL6	PTHR42879:SF2
Q88LL7	PTHR42681:SF1
Q88LM5	PTHR21071:SF4
Q88LM7	PTHR42866:SF2
Q88LS0	PTHR30053:SF12
Q88LX0	PTHR21057
Q88LX1	PTHR42745:SF1
Q88LZ1	PTHR43000
Q88LZ2	PTHR10491:SF4
Q88LZ3	PTHR43532:SF1
Q88LZ4	PTHR21047:SF2
Q88M07	PTHR43247:SF1
Q88M10	PTHR43464:SF19
Q88M11	PTHR43434:SF23
Q88M68	PTHR40562:SF1
Q88M69	PTHR43809:SF1
Q88M71	PTHR43105:SF9
Q88MA9	PTHR10520:SF12
Q88MB0	PTHR43369:SF2
Q88MD5	PTHR47878:SF1
Q88ME4	PTHR45900:SF1
Q88ME7	PTHR11361:SF34
Q88MF3	PTHR43181:SF1
Q88MF4	PTHR10061:SF1
Q88MF5	PTHR43880:SF12
Q88MF7	PTHR32125:SF4
Q88MG0	PTHR21057
Q88MG4	PTHR42853:SF3
Q88MG5	PTHR32294:SF0
Q88MG9	PTHR30272:SF1
Q88MH4	PTHR30525:SF0
Q88MR4	PTHR30523:SF6
Q88MS3	PTHR42918:SF15
Q88MU1	PTHR30255:SF2
Q88MV7	PTHR11564:SF5
Q88MW1	PTHR43055:SF1
Q88MY2	PTHR30456:SF0
Q88MY6	PTHR43390:SF1
Q88MZ2	PTHR42716:SF2
Q88N51	PTHR11046:SF11
Q88N54	PTHR11817
Q88N61	PTHR12778:SF10
Q88N64	PTHR43765:SF2
Q88N69	PTHR30612:SF0
Q88N74	PTHR23132:SF23
Q88N75	PTHR43445:SF3
Q88N76	PTHR21015:SF22
Q88N78	PTHR43692:SF1
Q88N79	PTHR22926:SF5
Q88N80	PTHR43024:SF1
Q88N81	PTHR23135:SF4
Q88N89	PTHR30390:SF6
Q88NA1	PTHR43766:SF1
Q88NA8	PTHR23115
Q88NA9	PTHR43196:SF1
Q88NB9	PTHR33359:SF1
Q88NC0	PTHR22960:SF29
Q88NC6	PTHR30386:SF19
Q88NC7	PTHR11102:SF160
Q88ND2	PTHR13285:SF23
Q88NF3	PTHR33442:SF1
Q88NF4	PTHR12128:SF72
Q88NF5	PTHR43353:SF3
Q88NF6	PTHR13847:SF289
Q88NG9	PTHR43599:SF3
Q88NH8	PTHR30573:SF0
Q88NJ0	PTHR42848:SF1
Q88NJ2	PTHR30194:SF3
Q88NJ4	PTHR22594:SF5
Q88NK2	PTHR42753:SF2
Q88NS5	PTHR10851:SF0
Q88NV7	PTHR45765:SF1
Q88NX4	PTHR45753:SF3
Q88NX7	PTHR43829:SF9
Q88NX8	PTHR10196:SF69
Q88NY0	PTHR11985:SF15
Q88P02	PTHR38779:SF2
Q88P04	PTHR30093:SF44
Q88P05	PTHR30012:SF0
Q88P06	PTHR30258:SF27
Q88P07	PTHR30332:SF24
Q88P11	PTHR38831:SF1
Q88P12	PTHR42982:SF1
Q88P13	PTHR33162:SF1
Q88P14	PTHR30371:SF0
Q88P16	PTHR10099:SF1
Q88P26	PTHR30008:SF0
Q88P28	PTHR46911:SF1
Q88P30	PTHR11054:SF0
Q88P31	PTHR23429:SF0
Q88P64	PTHR11715:SF3
Q88P65	PTHR11773:SF1
Q88P67	PTHR43757:SF2
Q88P76	PTHR11946:SF93
Q88P86	PTHR43643:SF3
Q88P87	PTHR21403:SF8
Q88P88	PTHR43783:SF1
Q88P95	PTHR42745:SF1
Q88P96	PTHR21485:SF3
Q88PA0	PTHR47738:SF1
Q88PB8	PTHR15004:SF0
Q88PB9	PTHR11895:SF151
Q88PC0	PTHR11659:SF0
Q88PJ6	PTHR43707:SF1
Q88PJ7	PTHR30454:SF0
Q88PK8	PTHR11601:SF34
Q88PL4	PTHR30081:SF8
Q88PL5	PTHR30081:SF1
Q88PL6	PTHR33909:SF1
Q88PL7	PTHR46499:SF1
Q88PL8	PTHR30307:SF0
Q88PQ3	PTHR30505:SF0
Q88PQ4	PTHR46566:SF5
Q88PQ5	PTHR46244:SF6
Q88PQ9	PTHR30417:SF4
Q88PR1	PTHR32179:SF3
Q88PV4	PTHR11108:SF1
Q88PW2	PTHR21198:SF2
Q88PW3	PTHR10953:SF194
Q88PW6	PTHR43013:SF1
Q88PX5	PTHR43527:SF2
Q88Q07	PTHR43654:SF1
Q88Q64	PTHR30487:SF0
Q88Q65	PTHR10695:SF46
Q88Q83	PTHR13847:SF289
Q88Q89	PTHR30426:SF0
Q88Q91	PTHR33695:SF1
Q88Q92	PTHR42765:SF1
Q88Q93	PTHR22749:SF6
Q88Q94	PTHR47019:SF1
Q88QD5	PTHR45266:SF3
Q88QD6	PTHR48095:SF2
Q88QD9	PTHR11516:SF60
Q88QE0	PTHR43257:SF3
Q88QE1	PTHR43194:SF2
Q88QE2	PTHR43161:SF26
Q88QE6	PTHR43374:SF1
Q88QE7	PTHR43445:SF5
Q88QF0	PTHR42770:SF7
Q88QF1	PTHR39329:SF1
Q88QF2	PTHR39330:SF1
Q88QG4	PTHR21327:SF38
Q88QG5	PTHR34137:SF1
Q88QG7	PTHR43322:SF5
Q88QH1	PTHR21327:SF18
Q88QH3	PTHR36305:SF1
Q88QH4	PTHR30270:SF0
Q88QH6	PTHR21058:SF0
Q88QH7	PTHR21327:SF34
Q88QH8	PTHR21098:SF12
Q88QH9	PTHR38011:SF7
Q88QJ2	PTHR10491:SF4
Q88QJ7	PTHR43721:SF9
Q88QJ8	PTHR32328:SF0
Q88QK5	PTHR10302:SF27
Q88QL5	PTHR10906
Q88QP1	PTHR19376:SF54
Q88QP2	PTHR20856
Q88QP7	PTHR33910:SF1
Q88QQ0	PTHR34265:SF1
Q88QQ2	PTHR11766:SF1
Q88QQ4	PTHR30605:SF0
Q88QQ6	PTHR32338:SF10
Q88QQ7	PTHR40255:SF1
Q88QR1	PTHR11237:SF4
Q88QR6	PTHR22854:SF2
Q88QR7	PTHR43285:SF2
Q88QR8	PTHR43418:SF4
Q88QS1	PTHR11236:SF48
Q88QS2	PTHR43434:SF1
Q88QS3	PTHR11749
Q88QT2	PTHR43584:SF8
Q88QT3	PTHR33540:SF1
Q88QT5	PTHR30004:SF5
Q88QV1	PTHR10742:SF410
Q88QV2	PTHR43674:SF2
Q88QV3	PTHR43690:SF18
Q88QV5	PTHR42663:SF7
Q88QV6	PTHR40279:SF3
Q88QV8	PTHR11228:SF7
Q88QW2	PTHR11986:SF79
Q88QW8	PTHR43210:SF5
Q88QW9	PTHR13090:SF1
Q88QX0	PTHR43194:SF5
Q88QX1	PTHR13693:SF100
Q88QX2	PTHR22976:SF2
Q88QZ5	PTHR43825:SF3
Q88QZ6	PTHR43178:SF2
Q88R41	PTHR21235:SF2
Q88R42	PTHR43090:SF2
Q88R44	PTHR42701:SF2
Q88R45	PTHR23133:SF2
Q88R69	PTHR21047:SF2
Q88R90	PTHR38761:SF1
Q88R93	PTHR42788:SF17
Q88R94	PTHR30151:SF38
Q88R95	PTHR42847:SF4
Q88R96	PTHR30024:SF42
Q88R97	PTHR43408:SF1
Q88RA0	PTHR30024:SF47
Q88RA1	PTHR42788:SF18
Q88RA2	PTHR30151:SF25
Q88RA3	PTHR30468:SF1
Q88RB9	PTHR11986:SF58
Q88RC0	PTHR43353:SF5
Q88RE4	PTHR38042:SF1
Q88RE5	PTHR11557:SF0
Q88RK2	PTHR35891:SF2
Q88RP6	PTHR48077:SF3
Q88RP7	PTHR43406:SF1
Q88RQ6	PTHR10755:SF0
Q88RR8	PTHR30075:SF2
Q88RR9	PTHR30075:SF2
Q88RS0	PTHR42891:SF1
Q8DR17	PTHR32332:SF20
Q8GWG0	PTHR23063:SF2
Q8INK6	PTHR11022:SF77
Q8IPE8	PTHR43612:SF3
Q8IU89	PTHR12560:SF18
Q8IV42	PTHR20873:SF0
Q8IVH4	PTHR23408:SF3
Q8IWU9	PTHR11473:SF16
Q8IWX5	PTHR14969:SF14
Q8L707	PTHR10896:SF63
Q8LG50	PTHR10983:SF24
Q8LPK5	PTHR13301:SF31
Q8MVR1	PTHR23257:SF711
Q8N142	PTHR11846:SF2
Q8N159	PTHR23342:SF0
Q8N183	PTHR32470:SF2
Q8N5M1	PTHR21013:SF10
Q8N5Z0	PTHR42790:SF19
Q8N8Q8	PTHR12428:SF65
Q8NFF5	PTHR23293:SF9
Q8NFW8	PTHR21485:SF3
Q8NHU3	PTHR21290:SF24
Q8NI60	PTHR43851:SF1
Q8T638	PTHR11746:SF199
Q8TB37	PTHR42961:SF2
Q8TB61	PTHR10778:SF13
Q8TBE9	PTHR46470:SF3
Q8TBF5	PTHR28650:SF1
Q8TC12	PTHR24320:SF227
Q8TCJ2	PTHR13872:SF1
Q8TDN7	PTHR46139:SF2
Q8TDX5	PTHR21240:SF27
Q8TE04	PTHR12280:SF23
Q8TEQ8	PTHR23071:SF1
Q8WUD6	PTHR10414:SF32
Q8WV28	PTHR14098:SF3
Q8WVX9	PTHR11011:SF119
Q92185	PTHR11987:SF3
Q92521	PTHR22760:SF4
Q92535	PTHR12982:SF1
Q92643	PTHR48067:SF1
Q92685	PTHR12646:SF0
Q92696	PTHR11129:SF2
Q92754	PTHR10812:SF9
Q92781	PTHR43313:SF12
Q92908	PTHR10071:SF23
Q92947	PTHR42807:SF1
Q92968	PTHR19332:SF1
Q93099	PTHR11056:SF0
Q93100	PTHR10749:SF8
Q941L0	PTHR13301:SF206
Q94A18	PTHR19241:SF682
Q94JQ6	PTHR13301:SF159
Q94KT8	PTHR31673:SF61
Q969G6	PTHR22749:SF13
Q969N2	PTHR12959:SF11
Q969W0	PTHR47084:SF1
Q96AT9	PTHR11749:SF18
Q96BR5	PTHR13891:SF1
Q96BY7	PTHR13190:SF20
Q96C23	PTHR10091:SF0
Q96C36	PTHR11645:SF61
Q96CD2	PTHR14359:SF6
Q96CQ1	PTHR45829:SF2
Q96CU9	PTHR13847:SF287
Q96D53	PTHR43851:SF4
Q96DW6	PTHR46181:SF3
Q96E22	PTHR21528:SF3
Q96EK6	PTHR13355:SF11
Q96EY8	PTHR12213:SF0
Q96F25	PTHR12154:SF4
Q96FM1	PTHR13148:SF0
Q96G23	PTHR12560:SF7
Q96GD0	PTHR19288:SF94
Q96H96	PTHR11048:SF28
Q96HA9	PTHR20990:SF1
Q96HY7	PTHR23152:SF4
Q96I36	PTHR36684:SF1
Q96IX5	PTHR34038:SF1
Q96K12	PTHR11011:SF120
Q96N76	PTHR12216:SF3
Q96NR8	PTHR24320:SF275
Q96NU7	PTHR42752:SF1
Q96PD5	PTHR11022:SF66
Q96PD7	PTHR12317:SF14
Q96PE7	PTHR43048:SF3
Q96RQ3	PTHR18866:SF33
Q96S42	PTHR11848:SF159
Q96S52	PTHR21072:SF13
Q96SZ5	PTHR22966:SF61
Q96T21	PTHR13284:SF9
Q99259	PTHR45677:SF5
Q99424	PTHR10909:SF344
Q99447	PTHR45780:SF2
Q99519	PTHR10628:SF25
Q99611	PTHR10256:SF1
Q99643	PTHR10978:SF20
Q99683	PTHR11584:SF332
Q99707	PTHR45833:SF1
Q99714	PTHR43658:SF8
Q99759	PTHR24361:SF656
Q99807	PTHR11237:SF4
Q99835	PTHR11309:SF35
Q9ASU1	PTHR12317:SF63
Q9BQT8	PTHR46356:SF1
Q9BRB3	PTHR21329:SF3
Q9BRT2	PTHR34260:SF1
Q9BSH4	PTHR12532:SF0
Q9BT22	PTHR13036:SF1
Q9BU02	PTHR14586:SF1
Q9BU61	PTHR21192:SF2
Q9BUB7	PTHR13281:SF0
Q9BUM1	PTHR12591:SF2
Q9BUX1	PTHR12192:SF26
Q9BV10	PTHR22760:SF1
Q9BVK2	PTHR12413:SF2
Q9BW60	PTHR11157:SF19
Q9BX95	PTHR14969:SF45
Q9BXD5	PTHR12128:SF21
Q9BXI2	PTHR45624:SF20
Q9BXI3	PTHR31367:SF2
Q9BXJ7	PTHR14995:SF2
Q9BXS1	PTHR10885:SF1
Q9BYG0	PTHR11214:SF21
Q9BYV1	PTHR45688:SF3
Q9BZ23	PTHR12280:SF25
Q9BZV2	PTHR10686:SF37
Q9C0D9	PTHR10414:SF47
Q9CM00	PTHR38761:SF1
Q9FH36	PTHR32116:SF63
Q9FI78	PTHR31642:SF11
Q9FJD5	PTHR11709:SF417
Q9FJZ9	PTHR31388:SF3
Q9FK25	PTHR11746:SF199
Q9FNA9	PTHR11440:SF105
Q9FZJ1	PTHR11062:SF370
Q9GNK5	PTHR11022:SF41
Q9GZR5	PTHR11157:SF12
Q9GZV8	PTHR16515:SF19
Q9GZY8	PTHR16501:SF17
Q9H0N5	PTHR12599:SF15
Q9H0P0	PTHR13045:SF14
Q9H0U3	PTHR12692:SF2
Q9H1N7	PTHR10778:SF8
Q9H237	PTHR13906:SF12
Q9H2D1	PTHR45683:SF3
Q9H2F3	PTHR10366:SF847
Q9H3H5	PTHR10571:SF0
Q9H3L0	PTHR13192:SF3
Q9H3S4	PTHR13622:SF8
Q9H3S5	PTHR12886:SF0
Q9H490	PTHR13121:SF0
Q9H553	PTHR45918:SF1
Q9H5J4	PTHR11157:SF125
Q9H6I2	PTHR10270:SF216
Q9H6U8	PTHR22760:SF2
Q9H845	PTHR43884:SF9
Q9H8P0	PTHR14624:SF0
Q9H936	PTHR45678:SF3
Q9H999	PTHR12280:SF21
Q9H9S0	PTHR24327:SF79
Q9HAB3	PTHR12929:SF1
Q9HAB8	PTHR12290:SF2
Q9HAN9	PTHR12039:SF21
Q9HB03	PTHR11157:SF68
Q9HBU6	PTHR22603:SF91
Q9HC21	PTHR24089:SF59
Q9HC29	PTHR24106:SF64
Q9HCC0	PTHR22855:SF13
Q9HCL2	PTHR12563:SF16
Q9HD40	PTHR12944:SF2
Q9HU72	PTHR10374:SF30
Q9HU85	PTHR10362:SF7
Q9HUL8	PTHR10073:SF12
Q9HVZ0	PTHR30390:SF6
Q9HW09	PTHR43765:SF2
Q9HY69	PTHR30386:SF19
Q9HYQ8	PTHR43103:SF3
Q9I2T1	PTHR43705:SF1
Q9I476	PTHR33442:SF1
Q9I5R6	PTHR11237:SF4
Q9I6F6	PTHR43344:SF13
Q9I6M4	PTHR43206:SF2
Q9I6M5	PTHR43353:SF5
Q9JZQ8	PTHR30053:SF12
Q9KJH8	PTHR43194:SF5
Q9LN68	PTHR13778:SF16
Q9LQ32	PTHR31444:SF26
Q9LSB1	PTHR11183:SF152
Q9LY46	PTHR32285:SF10
Q9NP73	PTHR12867:SF7
Q9NPC4	PTHR12042:SF17
Q9NPF0	PTHR24270:SF52
Q9NPH3	PTHR11890:SF20
Q9NPI5	PTHR10285:SF143
Q9NPL8	PTHR13002:SF1
Q9NQ40	PTHR12929:SF4
Q9NQB0	PTHR10373:SF32
Q9NR45	PTHR42966:SF1
Q9NRA0	PTHR12358:SF40
Q9NRP0	PTHR13160:SF9
Q9NUD9	PTHR12468:SF2
Q9NUN5	PTHR16130:SF2
Q9NUN7	PTHR46187:SF3
Q9NV23	PTHR11487:SF0
Q9NVF9	PTHR22603:SF94
Q9NVS9	PTHR10851:SF0
Q9NWF4	PTHR12929:SF20
Q9NWM0	PTHR10742:SF416
Q9NWW6	PTHR10285:SF126
Q9NX14	PTHR13327:SF0
Q9NX18	PTHR12469:SF2
Q9NXB9	PTHR11157:SF16
Q9NXE4	PTHR12988:SF6
Q9NY59	PTHR16320:SF8
Q9NYA1	PTHR12358:SF47
Q9NYL5	PTHR24304:SF2
Q9NYR8	PTHR43391:SF8
Q9NZ01	PTHR10556:SF31
Q9P032	PTHR13338:SF6
Q9P0J0	PTHR12966:SF0
Q9P0S2	PTHR17130:SF14
Q9P2X0	PTHR16433:SF0
Q9S9N9	PTHR10366:SF404
Q9SF47	PTHR12181:SF59
Q9SLD2	PTHR10408:SF7
Q9SWW6	PTHR13301:SF28
Q9UBK8	PTHR19384:SF84
Q9UBM1	PTHR15458:SF5
Q9UBM7	PTHR21257:SF38
Q9UBQ7	PTHR10996:SF137
Q9UBR1	PTHR43674:SF2
Q9UBX3	PTHR45618:SF13
Q9UBX8	PTHR19300:SF47
Q9UDR5	PTHR11133:SF22
Q9UHD2	PTHR22969:SF14
Q9UHJ9	PTHR12892:SF11
Q9UHK6	PTHR48228:SF5
Q9UI09	PTHR12910:SF2
Q9UI32	PTHR12544:SF33
Q9UJ70	PTHR12862:SF0
Q9UJM8	PTHR10578:SF107
Q9UJS0	PTHR45678:SF12
Q9UKU7	PTHR43831:SF1
Q9UMX1	PTHR10928:SF2
Q9UNP4	PTHR13713:SF60
Q9UNU6	PTHR24306:SF0
Q9UP38	PTHR11309:SF81
Q9UPQ8	PTHR13205:SF15
Q9VDT1	PTHR43884:SF12
Q9VGC2	PTHR43884:SF12
Q9VL70	PTHR18919:SF107
Q9VSA3	PTHR48083:SF2
Q9VXN9	PTHR11022:SF41
Q9W1H8	PTHR18919:SF153
Q9W3N9	PTHR18919:SF156
Q9WZJ0	PTHR36701:SF1
Q9Y223	PTHR18964:SF149
Q9Y234	PTHR12561:SF3
Q9Y256	PTHR13046:SF0
Q9Y259	PTHR22603:SF35
Q9Y276	PTHR23070:SF110
Q9Y297	PTHR14604:SF5
Q9Y2B2	PTHR12993:SF11
Q9Y2P5	PTHR43107:SF25
Q9Y2R0	PTHR15642:SF3
Q9Y2T3	PTHR11271:SF6
Q9Y2U5	PTHR24361:SF342
Q9Y2Z9	PTHR43876:SF7
Q9Y375	PTHR13194:SF23
Q9Y3A0	PTHR12922:SF7
Q9Y484	PTHR11227:SF44
Q9Y4K3	PTHR10131:SF131
Q9Y4U1	PTHR31457:SF2
Q9Y5K3	PTHR10739:SF20
Q9Y5Y5	PTHR13299:SF0
Q9Y600	PTHR45677:SF8
Q9Y617	PTHR43247:SF5
Q9Y619	PTHR45624:SF22
Q9Y672	PTHR12413:SF1
Q9Y673	PTHR10859:SF91
Q9Y6A2	PTHR24293:SF1
Q9Y6K0	PTHR10414:SF27
Q9Y6M9	PTHR12868:SF1
Q9Y6N1	PTHR21320:SF3
Q9ZAA1	PTHR43111:SF1
Q9ZQC6	PTHR10896:SF59
Q9ZUV3	PTHR11062:SF229
U9W570	PTHR11347

# 43 accession(s) cited in modules/ with no PANTHER family in PANTHER's
# per-organism classifications or in UniProt's xref_panther:
# unresolved: A0A140FWL2
# unresolved: A0ACD7RSI0
# unresolved: A0ACD7RSN5
# unresolved: A0ACD7RWW5
# unresolved: A0ACD7S1M0
# unresolved: A0ACD7S2F2
# unresolved: O07177
# unresolved: O34213
# unresolved: P0A6G3
# unresolved: P18895
# unresolved: P46078
# unresolved: P46079
# unresolved: Q06062
# unresolved: Q06749
# unresolved: Q49135
# unresolved: Q51372
# unresolved: Q51393
# unresolved: Q88D00
# unresolved: Q88GK7
# unresolved: Q88HH4
# unresolved: Q88HS6
# unresolved: Q88IT1
# unresolved: Q88JG8
# unresolved: Q88JL5
# unresolved: Q88JX5
# unresolved: Q88ME5
# unresolved: Q88NC8
# unresolved: Q88NC9
# unresolved: Q88ND0
# unresolved: Q88ND1
# unresolved: Q88ND3
# unresolved: Q88ND4
# unresolved: Q88NZ9
# unresolved: Q88P00
# unresolved: Q88P01
# unresolved: Q88P03
# unresolved: Q88P08
# unresolved: Q88QL1
# unresolved: Q88QV4
# unresolved: Q88QV7
# unresolved: Q88R72
# unresolved: Q94ET8
# unresolved: Q9LAS5
