gene_symbol	ordered_locus	uniprot_accession	module_step	implementation	review_file	curation_status
ccmA	PP_4327	Q88EX5	ATP-dependent CcmAB cycle	required ATPase	genes/PSEPK/ccmA/ccmA-ai-review.yaml	CURATED
ccmB	PP_4326	Q88EX6	ATP-dependent CcmAB cycle	required membrane subunit	genes/PSEPK/ccmB/ccmB-ai-review.yaml	CURATED
ccmC	PP_4325	Q88EX7	CcmE heme loading	required heme-handling subunit	genes/PSEPK/ccmC/ccmC-ai-review.yaml	CURATED
ccmD	PP_4324	Q88EX8	CcmE heme loading	required accessory membrane subunit	genes/PSEPK/ccmD/ccmD-ai-review.yaml	CURATED
ccmE	PP_4323	Q88EX9	covalent heme chaperoning	required heme chaperone	genes/PSEPK/ccmE/ccmE-ai-review.yaml	CURATED
ccmF	PP_4322	Q88EY0	heme ligation	required membrane ligation core	genes/PSEPK/ccmF/ccmF-ai-review.yaml	CURATED
ccmG	PP_4321	Q88EY1	apocytochrome redox preparation	required thioredoxin	genes/PSEPK/ccmG/ccmG-ai-review.yaml	CURATED
ccmH	PP_5748	A0A140FWM4	redox preparation and heme ligation	required maturation component	genes/PSEPK/ccmH/ccmH-ai-review.yaml	CURATED
cycH	PP_4320	A0A140FWM3	maturation support	lineage-variable CycH-family accessory	genes/PSEPK/cycH/cycH-ai-review.yaml	CURATED
