Citation,Source,Evidence type,Stance,Claim tested,Key finding,Context,Confidence/limitations
PMID:22144463 (Fig. S2),Zofall 2012 Science full text (PMC6338074),direct assay (ChIP),SUPPORTS (decisive),rad21 localizes to heterochromatin islands,"Verbatim: 'the cohesin sub unit Rad21 enriched at meiotic heterochromatin islands (fig. S2)'; loader Mis4 also enriched",S. pombe vegetative (log-growing) cells,Direct in-paper evidence; assay is vegetative so meiotic-cell-cycle extension is questionable
PomBase term GO:1990342,PomBase API 2020,database/curation pattern,SUPPORTS,rad21 IDA basis is genuine,11 island genes from PMID:22144463 incl. both Rad21 kleisin and Mis4 loader + Swi6/Chp1,S. pombe,Corroborates the direct finding
GEO GSE33404,NCBI eutils,dataset audit,QUALIFIES,genomic data underlying paper,Only 5 H3K9me2 array samples; Rad21/Mis4 shown by targeted ChIP (fig. S2) not arrays,S. pombe,Explains why cohesin data are figure-level
PMID:11780129,Nonaka 2002 Nat Cell Biol,interaction + localization,SUPPORTS (mechanism),heterochromatin recruits cohesin,Swi6/HP1 recruits cohesin; Psc3-Swi6 interaction (paper ref 10),S. pombe centromere/mat,Mechanistic basis for cohesin at Swi6-bound islands
PMID:21189291,Dheur 2011 MCB,mutant phenotype + localization,SUPPORTS (general),Rad21 in facultative-type heterochromatin,rad21 mutation depletes Swi6/H3K9me across subtelomeric domain,S. pombe subtelomere,Different locus class from islands
PMID:31278118,Folco 2019 Genetics,localization (ChIP) + genetics,SUPPORTS (general)/COMPETING,Rad21 within heterochromatin,Genome-wide Rad21/Psc3 within heterochromatin; can impede assembly in pds5,S. pombe,Constitutive heterochromatin; role context-dependent
PMID:25307058,Mizuguchi 2014 Nature,Hi-C + ChIP,SUPPORTS (general),cohesin at heterochromatin,Cohesin loaded at pericentromeric/subtelomeric heterochromatin,S. pombe,Not island-specific
PMID:12750522,Kitajima 2003 Nature,localization/genetics,REFUTES/CONFLICTS (extension only),rad21 active during meiotic cell cycle,Rec8 largely replaces Rad21/Scc1 in meiosis,S. pombe meiosis,Conflicts with exists_during extension not the CC term
PMID:12748297,Yokobayashi 2003 Dev Cell,localization/genetics,QUALIFIES (extension),rad21 in meiosis,Rad21 substitutes only at centromeres when Rec8 absent,S. pombe meiosis,Meiotic Rad21 role is substitutive/limited
