id,name,entry_type,source_tax_id,source_tax_name,full_tax_name,gene,length,subfamily,subfamily_name,in_alphafold
Q1JQB5,Filamin-binding LIM protein 1,protein,9913,Bos taurus,Bos taurus (Bovine),FBLIM1,378,PTHR24207:SF1,FILAMIN-BINDING LIM PROTEIN 1,True
Q55GV9,Calponin homology and LIM domain-containing protein,protein,44689,Dictyostelium discoideum,Dictyostelium discoideum (Social amoeba),ChLim,686,PTHR24207:SF2,ZYX102 PROTEIN,True
Q5F464,Lipoma-preferred partner homolog,protein,9031,Gallus gallus,Gallus gallus (Chicken),LPP,604,PTHR24207:SF0,LIPOMA-PREFERRED PARTNER,True
Q5REN1,Filamin-binding LIM protein 1,protein,9601,Pongo abelii,Pongo abelii (Sumatran orangutan),FBLIM1,375,PTHR24207:SF1,FILAMIN-BINDING LIM PROTEIN 1,True
Q5XI07,Lipoma-preferred partner homolog,protein,10116,Rattus norvegicus,Rattus norvegicus (Rat),Lpp,632,PTHR24207:SF0,LIPOMA-PREFERRED PARTNER,True
Q71FD7,Filamin-binding LIM protein 1,protein,10090,Mus musculus,Mus musculus (Mouse),Fblim1,375,PTHR24207:SF1,FILAMIN-BINDING LIM PROTEIN 1,True
Q8BFW7,Lipoma-preferred partner homolog,protein,10090,Mus musculus,Mus musculus (Mouse),Lpp,613,PTHR24207:SF0,LIPOMA-PREFERRED PARTNER,True
Q8WUP2,Filamin-binding LIM protein 1,protein,9606,Homo sapiens,Homo sapiens (Human),FBLIM1,373,PTHR24207:SF1,FILAMIN-BINDING LIM PROTEIN 1,True
Q93052,Lipoma-preferred partner,protein,9606,Homo sapiens,Homo sapiens (Human),LPP,612,PTHR24207:SF0,LIPOMA-PREFERRED PARTNER,True
Q9U3F4,Zyxin,protein,6239,Caenorhabditis elegans,Caenorhabditis elegans,zyx-1,603,PTHR24207:SF2,ZYX102 PROTEIN,True
